"Subject","event_no","Stimulus","EMG_zyg_mean"
9,1,"Angry",-0.0127909765571879
9,1,"Happy",0.0563236468688718
9,1,"Neutral",-0.0127435104668537
9,2,"Angry",-0.0352919307822903
9,2,"Happy",-0.04534527778196
9,2,"Neutral",-0.110383163820892
9,3,"Angry",0.0214010942179034
9,3,"Happy",-0.0259146931227521
9,3,"Neutral",0.00862383413833422
9,4,"Angry",-0.0412196161714064
9,4,"Happy",-0.0199895552235095
9,4,"Neutral",-0.00933983811691446
10,1,"Angry",-0.0354614451776495
10,1,"Happy",0.211562426198304
10,1,"Neutral",0.144369548534901
10,2,"Angry",-0.000333967849027185
10,2,"Happy",0.319955620955595
10,2,"Neutral",-0.256064855276276
10,3,"Angry",-0.0190792656829934
10,3,"Happy",0.0404452119547753
10,3,"Neutral",-0.101214443218151
10,4,"Angry",0.108216965163997
10,4,"Happy",-0.130811501515726
10,4,"Neutral",0.000632501593103645
11,1,"Angry",-0.0918068392532556
11,1,"Happy",1.13153773952244
11,1,"Neutral",-0.0206392350057711
11,2,"Angry",0.00372916407303837
11,2,"Happy",1.00147320507605
11,2,"Neutral",-0.0195471044186418
11,3,"Angry",-0.034827449645975
11,3,"Happy",0.987941167867428
11,3,"Neutral",0.0571858273015301
11,4,"Angry",-0.0236461786391856
11,4,"Happy",0.70590206784843
11,4,"Neutral",-0.0695431456198402
12,1,"Angry",-0.0224750083810026
12,1,"Happy",-0.11713618823462
12,1,"Neutral",-0.667840735994643
12,2,"Angry",-0.0300256262532002
12,2,"Happy",-0.0187501363853077
12,2,"Neutral",0.0756302525791721
12,3,"Angry",0.0308505680502866
12,3,"Happy",0.0334327511950958
12,3,"Neutral",-0.00388957119493735
12,4,"Angry",-0.0777507179035725
12,4,"Happy",0.00541995776326664
12,4,"Neutral",-0.0363897492570069
14,1,"Angry",-0.0461330086301622
14,1,"Happy",0.209226349937336
14,1,"Neutral",-0.117109892896522
14,2,"Angry",-0.0116913515438474
14,2,"Happy",0.0833463386941533
14,2,"Neutral",0.0457875589591789
14,3,"Angry",0.000676070390476293
14,3,"Happy",0.0167859399492708
14,3,"Neutral",-0.122631198900253
14,4,"Angry",-0.0122552735048517
14,4,"Happy",0.0342110452311297
14,4,"Neutral",0.00505395374531368
15,1,"Angry",-0.749744391260222
15,1,"Happy",1.76548733952021
15,1,"Neutral",-0.214384884936199
15,2,"Angry",-0.00845674996147877
15,2,"Happy",1.04507018047528
15,2,"Neutral",0.00850049840312015
15,3,"Angry",0.0383626860574632
15,3,"Happy",0.872061402658378
15,3,"Neutral",0.46081598310228
15,4,"Angry",-1.03253025388503
15,4,"Happy",1.60937214744036
15,4,"Neutral",-0.00685108634537708
16,1,"Angry",-0.368463315184256
16,1,"Happy",-0.163277936767309
16,1,"Neutral",0.738542517341089
16,2,"Angry",-0.16803152022235
16,2,"Happy",0.150132700986465
16,2,"Neutral",0.080062810542962
16,3,"Angry",0.225773290123404
16,3,"Happy",-0.545656905470136
16,3,"Neutral",-0.223578395991545
16,4,"Angry",-0.172318644284857
16,4,"Happy",1.28046042541847
16,4,"Neutral",-0.0384465284778936
17,1,"Angry",0.0298610006152544
17,1,"Happy",-0.0640664828441356
17,1,"Neutral",-0.278710115188043
17,2,"Angry",0.0100321549136776
17,2,"Happy",0.0566519982050687
17,2,"Neutral",-0.00238656712519782
17,3,"Angry",-0.0435120204904309
17,3,"Happy",-0.0837761023776988
17,3,"Neutral",-0.0134685338933956
17,4,"Angry",-0.0508963909165317
17,4,"Happy",0.00614939876812266
17,4,"Neutral",0.00263027009204545
18,1,"Angry",1.1452949915122
18,1,"Happy",-0.216198591597207
18,1,"Neutral",0.425934106192767
18,2,"Angry",0.0257534591767875
18,2,"Happy",-0.0211215215860274
18,2,"Neutral",-0.17652552525445
18,3,"Angry",0.0695636628518441
18,3,"Happy",-0.0594866162405044
18,3,"Neutral",-0.567351483089447
18,4,"Angry",-0.614643128652851
18,4,"Happy",-0.0397136759551123
18,4,"Neutral",0.019440713965411
19,1,"Angry",-1.07790788632934
19,1,"Happy",-0.0236907031545819
19,1,"Neutral",-0.0632274601430858
19,2,"Angry",-0.670205128927522
19,2,"Happy",-0.232076931815746
19,2,"Neutral",-0.0294244299489716
19,3,"Angry",0.672848826205728
19,3,"Happy",0.169272869435693
19,3,"Neutral",-0.0710346034372739
19,4,"Angry",-0.00302884453192239
19,4,"Happy",0.196855284665555
19,4,"Neutral",-0.0794300486683459
20,1,"Angry",-0.00736096636163366
20,1,"Happy",0.0434183872196661
20,1,"Neutral",-0.386016973916083
20,2,"Angry",0.00506181310067513
20,2,"Happy",-0.0133337118958767
20,2,"Neutral",-0.0166209352685925
20,3,"Angry",0.00418111636042017
20,3,"Happy",0.0100235255938581
20,3,"Neutral",-0.000593990510135264
20,4,"Angry",-0.0232980899790019
20,4,"Happy",0.0247428134971595
20,4,"Neutral",0.0201417276286494
21,1,"Angry",0.0196375161029688
21,1,"Happy",-0.0151406902008366
21,1,"Neutral",0.0485734661305712
21,2,"Angry",-0.0218047026758659
21,2,"Happy",0.0297440462979144
21,2,"Neutral",-0.0269188660488183
21,3,"Angry",0.0163603584697811
21,3,"Happy",-0.00726554879597591
21,3,"Neutral",-0.0191995178542357
21,4,"Angry",-0.0318209545269822
21,4,"Happy",-0.0310676767090092
21,4,"Neutral",0.0253902901178617
22,1,"Angry",1.37354609664222
22,1,"Happy",0.253003592261468
22,1,"Neutral",0.153850919296212
22,2,"Angry",0.738439709817059
22,2,"Happy",0.222580477147973
22,2,"Neutral",0.664897008814212
22,3,"Angry",-0.314498689515485
22,3,"Happy",0.604660092554257
22,3,"Neutral",-0.0515707240916724
22,4,"Angry",-0.0285394524220035
22,4,"Happy",0.442601930174924
22,4,"Neutral",-0.125620085796457
23,1,"Angry",0.0311366931845346
23,1,"Happy",0.00140169806385632
23,1,"Neutral",-1.34481539818505
23,2,"Angry",-0.0116719936135892
23,2,"Happy",0.0423031113109233
23,2,"Neutral",0.120752879874104
23,3,"Angry",0.931511148032779
23,3,"Happy",0.0535140957994452
23,3,"Neutral",0.0871200519184185
23,4,"Angry",-0.0056989127000249
23,4,"Happy",0.0846865474346803
23,4,"Neutral",0.183998698220472
24,1,"Angry",-0.0265168062983918
24,1,"Happy",0.472144829440255
24,1,"Neutral",0.0535095372479608
24,2,"Angry",-0.135401409677142
24,2,"Happy",0.487717234709873
24,2,"Neutral",0.270898498628903
24,3,"Angry",-0.0900478941668561
24,3,"Happy",0.608583312953957
24,3,"Neutral",-0.135086717850016
24,4,"Angry",0.144975785693842
24,4,"Happy",0.636093998481031
24,4,"Neutral",0.0148472708047162
25,1,"Angry",0.009291710427435
25,1,"Happy",0.0124889082238786
25,1,"Neutral",0.0097678780530727
25,2,"Angry",0.00608432633867675
25,2,"Happy",-0.0141823041068138
25,2,"Neutral",-0.00724687540919543
25,3,"Angry",0.0236506699699955
25,3,"Happy",0.00423368042577038
25,3,"Neutral",-0.0324538227368835
25,4,"Angry",0.0135157230621817
25,4,"Happy",0.00893858622548207
25,4,"Neutral",-0.0232829090462514
27,1,"Angry",-0.0788690758160885
27,1,"Happy",-0.0352954349917286
27,1,"Neutral",-0.166361452850743
27,2,"Angry",0.0381955251457797
27,2,"Happy",-0.0088873835185498
27,2,"Neutral",0.0346155911650475
27,3,"Angry",0.000873821932560387
27,3,"Happy",0.021403745871929
27,3,"Neutral",0.0499669594410234
27,4,"Angry",0.0497266378448237
27,4,"Happy",0.00117688543719508
27,4,"Neutral",0.0261977278764535
28,1,"Angry",0.0436955697752429
28,1,"Happy",0.238444245556738
28,1,"Neutral",-1.12131344721329
28,2,"Angry",-0.0242128892775807
28,2,"Happy",1.00026919981693
28,2,"Neutral",-0.0460543073070486
28,3,"Angry",-0.0452014929709852
28,3,"Happy",0.344592856712812
28,3,"Neutral",0.0547876142172956
28,4,"Angry",0.0362226490919569
28,4,"Happy",0.838234123047633
28,4,"Neutral",-0.0501674489020782
29,1,"Angry",-0.0362813574909312
29,1,"Happy",0.00575017471996547
29,1,"Neutral",-0.0204760593000958
29,2,"Angry",-0.000433663355919985
29,2,"Happy",0.00331937718535081
29,2,"Neutral",-0.00348698580506184
29,3,"Angry",0.00521018574383295
29,3,"Happy",0.00516003630946169
29,3,"Neutral",-0.00471081946103692
29,4,"Angry",-0.0192618223397374
29,4,"Happy",0.0322775412497798
29,4,"Neutral",0.0696101621206937
30,1,"Angry",-0.00775373704044762
30,1,"Happy",-0.0221123703006911
30,1,"Neutral",-0.289296552678806
30,2,"Angry",-0.00323623182915101
30,2,"Happy",-0.0087975883372953
30,2,"Neutral",0.0297093734914997
30,3,"Angry",-0.00142667549805291
30,3,"Happy",0.0100503243847273
30,3,"Neutral",-0.00378987365920953
30,4,"Angry",0.00799687728634086
30,4,"Happy",-0.000622747440544519
30,4,"Neutral",0.00639051529566032
31,1,"Angry",-0.00308019166202447
31,1,"Happy",-0.00861968010415742
31,1,"Neutral",-0.912394223262688
31,2,"Angry",0.00270266154287815
31,2,"Happy",0.0441261600029748
31,2,"Neutral",0.00140827770228758
31,3,"Angry",-0.011702372916821
31,3,"Happy",0.0236728825679734
31,3,"Neutral",0.00753017591569348
31,4,"Angry",0.00353145150546145
31,4,"Happy",0.00368653627183915
31,4,"Neutral",0.011914093828442
32,1,"Angry",-0.0281496644797315
32,1,"Happy",0.30688670846339
32,1,"Neutral",-0.816357136827843
32,2,"Angry",0.0185991493425347
32,2,"Happy",0.00205480102698077
32,2,"Neutral",-0.949152129666486
32,3,"Angry",-0.0181668110311604
32,3,"Happy",-0.152083880162964
32,3,"Neutral",0.0322062045132604
32,4,"Angry",-0.0202183396739206
32,4,"Happy",-0.0146978553732427
32,4,"Neutral",-0.173280808669083
33,1,"Angry",0.0119672553459257
33,1,"Happy",-0.0240677818431173
33,1,"Neutral",-0.235865769684791
33,2,"Angry",-0.0374832548715717
33,2,"Happy",-0.0136870252483238
33,2,"Neutral",-0.194117345299536
33,3,"Angry",0.16779948225038
33,3,"Happy",0.0194167750594739
33,3,"Neutral",0.008320345651494
33,4,"Angry",-0.0247793788025822
33,4,"Happy",-0.0803694397641663
33,4,"Neutral",0.00686349053478716
34,1,"Angry",-0.0290889711718926
34,1,"Happy",0.763061851512271
34,1,"Neutral",-0.300640527038171
34,2,"Angry",-2.59993916582582
34,2,"Happy",-0.0667204821616246
34,2,"Neutral",-0.0102421053349012
34,3,"Angry",0.0234557727298697
34,3,"Happy",0.418240777097985
34,3,"Neutral",-0.0412927009456964
34,4,"Angry",-1.66505573562442
34,4,"Happy",-0.132371777696201
34,4,"Neutral",-1.21308376448063
35,1,"Angry",4.56925480180286e-05
35,1,"Happy",0.0233562716204402
35,1,"Neutral",-0.108236354335912
35,2,"Angry",-0.0130031039490884
35,2,"Happy",0.107724588684226
35,2,"Neutral",0.00135535951992551
35,3,"Angry",-0.34283199901826
35,3,"Happy",0.295123973654583
35,3,"Neutral",0.000718812885458608
35,4,"Angry",0.010575770299308
35,4,"Happy",-0.013503915324545
35,4,"Neutral",-0.148365249275335
37,1,"Angry",0.117758124993936
37,1,"Happy",1.2461485837983
37,1,"Neutral",-0.657141148022523
37,2,"Angry",0.300552429935376
37,2,"Happy",0.309442069360879
37,2,"Neutral",0.708547237071198
37,3,"Angry",-0.40258609115972
37,3,"Happy",0.714536056845251
37,3,"Neutral",0.00118700065275837
37,4,"Angry",0.0922625255356556
37,4,"Happy",0.808231142002459
37,4,"Neutral",0.066881848651069
38,1,"Angry",-0.0872464790230073
38,1,"Happy",0.0277967156932958
38,1,"Neutral",-0.407326354420643
38,2,"Angry",0.00636122464771478
38,2,"Happy",0.0144952345483751
38,2,"Neutral",0.0185959818353361
38,3,"Angry",0.00265608153509869
38,3,"Happy",-0.0218925648199763
38,3,"Neutral",0.0262250673409529
38,4,"Angry",0.506885811380121
38,4,"Happy",0.00678411227749159
38,4,"Neutral",0.0200864049910042
39,1,"Angry",-0.0111395569419446
39,1,"Happy",0.019641347719825
39,1,"Neutral",-0.364818874242289
39,2,"Angry",-0.0238015190176613
39,2,"Happy",-0.011754855866117
39,2,"Neutral",0.0162779997703764
39,3,"Angry",-0.00180473096006719
39,3,"Happy",-0.01279145189078
39,3,"Neutral",-0.00992926790205084
39,4,"Angry",0.0210846174859943
39,4,"Happy",0.0310658546624133
39,4,"Neutral",0.00704505025453507
40,1,"Angry",0.0267691070610355
40,1,"Happy",0.253269104335925
40,1,"Neutral",0.0670098945302194
40,2,"Angry",0.221166896396995
40,2,"Happy",-0.206658845784246
40,2,"Neutral",0.328957442555448
40,3,"Angry",0.0311519367891467
40,3,"Happy",0.185589740831066
40,3,"Neutral",0.616556266715112
40,4,"Angry",0.00343391948466665
40,4,"Happy",0.0132098028552492
40,4,"Neutral",-0.0131311875895381
41,1,"Angry",-0.000458909399561275
41,1,"Happy",0.632733055111039
41,1,"Neutral",-0.642233294830673
41,2,"Angry",-0.122064974404611
41,2,"Happy",0.566715297851309
41,2,"Neutral",0.121541876590119
41,3,"Angry",-0.299007492034147
41,3,"Happy",0.526114071719728
41,3,"Neutral",-0.14033637015849
41,4,"Angry",-0.242775887687877
41,4,"Happy",-0.0201218761235589
41,4,"Neutral",-0.00233311695555837
42,1,"Angry",-0.0834467437827119
42,1,"Happy",0.455174768249032
42,1,"Neutral",-1.76061469399855
42,2,"Angry",0.0211133038661166
42,2,"Happy",0.136946051929421
42,2,"Neutral",-1.79754584860704
42,3,"Angry",-0.221836022738027
42,3,"Happy",-0.204731088224498
42,3,"Neutral",-0.203121153988518
42,4,"Angry",0.111713661818517
42,4,"Happy",-0.104799879043852
42,4,"Neutral",0.238341313246584
43,1,"Angry",0.0414960284370245
43,1,"Happy",0.143035094305965
43,1,"Neutral",-0.466878504590007
43,2,"Angry",0.103158140399026
43,2,"Happy",-0.0907008579756386
43,2,"Neutral",-0.0763028847732241
43,3,"Angry",-0.246201698492172
43,3,"Happy",-0.10126879473914
43,3,"Neutral",0.00593687446802948
43,4,"Angry",-0.12179743806737
43,4,"Happy",-0.020758082841275
43,4,"Neutral",-0.00503632834122744
44,1,"Angry",-1.44188418248775
44,1,"Happy",0.00207517776912394
44,1,"Neutral",0.650244564170656
44,2,"Angry",-0.0707368380938893
44,2,"Happy",0.0966666283174225
44,2,"Neutral",0.0218155648661492
44,3,"Angry",0.0288272880522754
44,3,"Happy",-1.26988601721417
44,3,"Neutral",0.0299897685006152
44,4,"Angry",-0.0041642772997646
44,4,"Happy",-0.0805250265389579
44,4,"Neutral",0.13011858987879
45,1,"Angry",0.00328318273724131
45,1,"Happy",-0.00360557567424378
45,1,"Neutral",0.0487339578154857
45,2,"Angry",0.00494672592009907
45,2,"Happy",-0.00363176917911446
45,2,"Neutral",-0.00161582209932404
45,3,"Angry",-0.00711587708418332
45,3,"Happy",-0.00615633073503705
45,3,"Neutral",-0.00341600440043492
45,4,"Angry",0.00180774997675847
45,4,"Happy",-0.0166495412738556
45,4,"Neutral",-0.00637837144888434
46,1,"Angry",-0.00243531916620919
46,1,"Happy",0.0122675274308711
46,1,"Neutral",0.0422077368757559
46,2,"Angry",-0.00123849793410741
46,2,"Happy",-0.0209092610282225
46,2,"Neutral",0.00392087732240189
46,3,"Angry",0.000403664283781338
46,3,"Happy",0.00202001687522367
46,3,"Neutral",0.000664340750577939
46,4,"Angry",-0.00126503366243032
46,4,"Happy",0.00515757135610907
46,4,"Neutral",0.047898085435922
47,1,"Angry",-0.0103044698607975
47,1,"Happy",0.00222706542119729
47,1,"Neutral",0.0081521468018681
47,2,"Angry",0.0115821017311603
47,2,"Happy",0.00179667640179748
47,2,"Neutral",-0.00286612082094605
47,3,"Angry",-0.0111925175190076
47,3,"Happy",-0.00153137340729461
47,3,"Neutral",-0.00763133828979806
47,4,"Angry",-0.00639500769735628
47,4,"Happy",-0.00802550848007834
47,4,"Neutral",-0.00320879516523415
48,1,"Angry",-0.318857210500959
48,1,"Happy",-0.0808504713277481
48,1,"Neutral",-0.873265225047627
48,2,"Angry",-0.0107067859412619
48,2,"Happy",0.00334175998134294
48,2,"Neutral",-0.00535480495155189
48,3,"Angry",-0.346890904874657
48,3,"Happy",-0.472554524505694
48,3,"Neutral",-0.664159903878691
48,4,"Angry",0.0291830854990188
48,4,"Happy",-0.76657124563076
48,4,"Neutral",0.00661534981747718
48,5,"Angry",-0.318535975811668
48,5,"Happy",0.29137501709105
48,5,"Neutral",-0.254021916860236
48,6,"Angry",-0.319881468006431
48,6,"Happy",-0.956671644080455
48,6,"Neutral",-0.371729897586412
48,7,"Angry",-0.47358035723956
48,7,"Happy",-0.578812127836479
48,7,"Neutral",-0.0113460120270448
48,8,"Angry",0.0331394061110693
48,8,"Happy",-0.102021181975228
48,8,"Neutral",-0.60224616825541
48,9,"Angry",0.418604802563833
48,9,"Happy",0.838651304613113
48,9,"Neutral",0.0401721386918518
48,10,"Angry",-0.447205244441503
48,10,"Happy",-0.00869408314744024
48,10,"Neutral",-0.0268261275755399
48,11,"Angry",-0.949623367883455
48,11,"Happy",-0.856947867794257
48,11,"Neutral",-0.0897714451183274
48,12,"Angry",0.316296002447079
48,12,"Happy",-0.407474392420262
48,12,"Neutral",-0.696784860954685
49,1,"Angry",-0.0289336117670436
49,1,"Happy",0.00572540925888954
49,1,"Neutral",-0.0421590123070933
49,2,"Angry",-0.0838515849257924
49,2,"Happy",0.0456499528541695
49,2,"Neutral",-0.0258956399152372
49,3,"Angry",0.00521421213407727
49,3,"Happy",-0.0895515385235563
49,3,"Neutral",-0.147813407261825
49,4,"Angry",-0.0844971874714843
49,4,"Happy",-0.0271746640760147
49,4,"Neutral",0.967142072472429
49,5,"Angry",-0.0111684806322568
49,5,"Happy",-0.0474819594942356
49,5,"Neutral",0.0507030210129908
49,6,"Angry",0.0404051832961051
49,6,"Happy",0.00116045895121944
49,6,"Neutral",-0.0764888040664233
49,7,"Angry",-0.0697258282924334
49,7,"Happy",-0.218526466390695
49,7,"Neutral",-0.039412585730192
49,8,"Angry",0.015268460826633
49,8,"Happy",0.0917083670536723
49,8,"Neutral",0.105232395073127
49,9,"Angry",-0.0213958055379475
49,9,"Happy",0.05096094293327
49,9,"Neutral",-0.0320557944546235
49,10,"Angry",0.046413342249823
49,10,"Happy",0.0390028400766174
49,10,"Neutral",0.0411556002474119
49,11,"Angry",0.066296053785705
49,11,"Happy",-0.0868601678759027
49,11,"Neutral",-0.00106058561577248
49,12,"Angry",-1.16215771428943
49,12,"Happy",0.0494143927455237
49,12,"Neutral",-0.0762989876680211
50,1,"Angry",0.00430017578860603
50,1,"Happy",-1.31263031662442
50,1,"Neutral",-0.00260121168445793
50,2,"Angry",-0.00203238453197955
50,2,"Happy",0.00826506873705855
50,2,"Neutral",-0.0493788810564952
50,3,"Angry",0.0100815458685692
50,3,"Happy",0.00799459726847849
50,3,"Neutral",0.000779434048926045
50,4,"Angry",-0.0437286684502477
50,4,"Happy",-0.0104061609648483
50,4,"Neutral",-0.106126200727411
50,5,"Angry",-0.00222963405014532
50,5,"Happy",-0.0081288274985644
50,5,"Neutral",0.00161832099657095
50,6,"Angry",0.00617502473662069
50,6,"Happy",0.0123031651061591
50,6,"Neutral",-0.023329268763887
50,7,"Angry",0.00258178884292492
50,7,"Happy",-0.00706215626730537
50,7,"Neutral",-0.00635577725350932
50,8,"Angry",0.0125525831939759
50,8,"Happy",0.103515586044828
50,8,"Neutral",0.0159110623407547
50,9,"Angry",-0.00547209337364975
50,9,"Happy",0.00171938656094726
50,9,"Neutral",0.00644111532993941
50,10,"Angry",0.00589868253018979
50,10,"Happy",-0.0102429439425646
50,10,"Neutral",-0.00920595613597141
50,11,"Angry",0.00949165908397236
50,11,"Happy",0.00248318640221348
50,11,"Neutral",0.00615457353809542
50,12,"Angry",-0.0212203768751161
50,12,"Happy",-0.0237841134629498
50,12,"Neutral",-0.00782167584767728
51,1,"Angry",0.0343008857872103
51,1,"Happy",-0.0825330086473354
51,1,"Neutral",0.025889479362951
51,2,"Angry",-1.38702363442472
51,2,"Happy",-0.125862055841998
51,2,"Neutral",-0.0133572800465234
51,3,"Angry",-0.116069508892743
51,3,"Happy",-0.0455469051680824
51,3,"Neutral",-1.36052714276918
51,4,"Angry",0.0560709658401543
51,4,"Happy",-0.183617217316149
51,4,"Neutral",-0.0177283779218028
51,5,"Angry",-0.0801279249864811
51,5,"Happy",-0.169967230743048
51,5,"Neutral",-0.0167264095258835
51,6,"Angry",-0.135970314168959
51,6,"Happy",-0.0689448183003162
51,6,"Neutral",-0.0965338137391902
51,7,"Angry",-0.102163037120214
51,7,"Happy",-0.02012006644683
51,7,"Neutral",-1.42861543891906
51,8,"Angry",0.0930832389248253
51,8,"Happy",-0.451407884534213
51,8,"Neutral",-0.21000017301555
51,9,"Angry",-0.113746139472393
51,9,"Happy",-0.0958863477534175
51,9,"Neutral",0.197499015243616
51,10,"Angry",-0.119258713715335
51,10,"Happy",0.0613353408857774
51,10,"Neutral",-0.16541096693454
51,11,"Angry",0.0129445790856659
51,11,"Happy",-0.0132275478908697
51,11,"Neutral",-0.0303522155872549
51,12,"Angry",NA
51,12,"Happy",-0.0583494276934071
51,12,"Neutral",0.0319853776317575
52,1,"Angry",-0.161496496291037
52,1,"Happy",0.104807250610566
52,1,"Neutral",-0.107906167102565
52,2,"Angry",-0.663947920713348
52,2,"Happy",0.0941438055496259
52,2,"Neutral",-0.119092962639583
52,3,"Angry",-0.268605848253198
52,3,"Happy",0.0196206982022982
52,3,"Neutral",0.252987382889478
52,4,"Angry",0.0267563446069042
52,4,"Happy",-0.0935833117869777
52,4,"Neutral",-1.48644680642417
52,5,"Angry",0.0128370295226864
52,5,"Happy",-0.0703541132093815
52,5,"Neutral",-0.137833727402214
52,6,"Angry",0.980653148853528
52,6,"Happy",-0.0223074695084752
52,6,"Neutral",-0.0287501067888082
52,7,"Angry",-1.57887732972527
52,7,"Happy",-0.176585594547056
52,7,"Neutral",0.2917514559682
52,8,"Angry",0.0564035510982569
52,8,"Happy",-0.00634551758365448
52,8,"Neutral",0.0815740792761003
52,9,"Angry",0.739734655216619
52,9,"Happy",-1.06153608455699
52,9,"Neutral",0.0241405000083611
52,10,"Angry",0.0636182992336947
52,10,"Happy",-0.0517197848645896
52,10,"Neutral",-0.757877302578647
52,11,"Angry",0.857051417390143
52,11,"Happy",-0.247245629264753
52,11,"Neutral",0.045398442799628
52,12,"Angry",-0.214218227850553
52,12,"Happy",-0.324879472092496
52,12,"Neutral",-1.37113918477698
53,1,"Angry",-0.267063921673996
53,1,"Happy",-0.714657832460092
53,1,"Neutral",-0.141921354893419
53,2,"Angry",-0.121460418146503
53,2,"Happy",0.0665934218918088
53,2,"Neutral",-0.177848465399194
53,3,"Angry",-0.0237252160398654
53,3,"Happy",0.400206779872741
53,3,"Neutral",0.118385842092513
53,4,"Angry",-0.488446364040578
53,4,"Happy",-0.814234315748948
53,4,"Neutral",0.0659133304206588
53,5,"Angry",0.0670554315887982
53,5,"Happy",-0.0317164672332112
53,5,"Neutral",-0.199585215826391
53,6,"Angry",-0.115057646906221
53,6,"Happy",-0.0287550251615225
53,6,"Neutral",0.180655675746104
53,7,"Angry",0.00086830724677638
53,7,"Happy",-0.411078285681073
53,7,"Neutral",-0.414618139358295
53,8,"Angry",-0.576490009013708
53,8,"Happy",-0.0562588822893171
53,8,"Neutral",-0.0651922301658393
53,9,"Angry",-0.678989577978597
53,9,"Happy",-0.142541103148797
53,9,"Neutral",-0.029036553567223
53,10,"Angry",-0.00238159057685103
53,10,"Happy",-0.0872674802426965
53,10,"Neutral",0.181341224285372
53,11,"Angry",0.142792108128468
53,11,"Happy",-0.143130814938482
53,11,"Neutral",0.0100152220864148
53,12,"Angry",-0.206829607049664
53,12,"Happy",-0.0324611931673
53,12,"Neutral",0.0422699003960608
54,1,"Angry",0.0110400044285318
54,1,"Happy",-0.0688200520279681
54,1,"Neutral",-0.0045684174652071
54,2,"Angry",1.99921031904359
54,2,"Happy",-0.00670396579928176
54,2,"Neutral",-0.0171862894074832
54,3,"Angry",-0.0306133763037245
54,3,"Happy",0.0022405694078489
54,3,"Neutral",-2.58689191669155
54,4,"Angry",-0.017101162116756
54,4,"Happy",0.229753549199968
54,4,"Neutral",0.0313826156047172
54,5,"Angry",-0.00640021670768955
54,5,"Happy",0.0622853050402718
54,5,"Neutral",0.00512187923934064
54,6,"Angry",-0.017597014943612
54,6,"Happy",0.101269042762867
54,6,"Neutral",0.0427746386810347
54,7,"Angry",0.00310983956943033
54,7,"Happy",0.101064537766818
54,7,"Neutral",0.0555061146896184
54,8,"Angry",-0.0574498670905433
54,8,"Happy",-0.0760208650928146
54,8,"Neutral",-0.0301266505561087
54,9,"Angry",-0.00636790222958361
54,9,"Happy",-0.0263785553345607
54,9,"Neutral",0.0286773648145111
54,10,"Angry",-0.0267730092212327
54,10,"Happy",0.0285146530328222
54,10,"Neutral",0.0155954884372764
54,11,"Angry",-0.041185561846431
54,11,"Happy",0.120332492081177
54,11,"Neutral",-0.0687749072384053
54,12,"Angry",0.0602305526218753
54,12,"Happy",0.120211938123098
54,12,"Neutral",0.0308998853730536
55,1,"Angry",-0.285632038831062
55,1,"Happy",0.0428636914425136
55,1,"Neutral",0.0241669275168842
55,2,"Angry",-0.654972127780883
55,2,"Happy",-0.0343631926726479
55,2,"Neutral",-0.0616031796568682
55,3,"Angry",-0.0237149034685277
55,3,"Happy",-0.0598287998305794
55,3,"Neutral",0.000762045722945873
55,4,"Angry",-0.20273152433068
55,4,"Happy",0.073211865365605
55,4,"Neutral",-0.000860474565670855
55,5,"Angry",0.0813117293434889
55,5,"Happy",-0.242159837952298
55,5,"Neutral",-0.169517344150221
55,6,"Angry",-0.276022654716652
55,6,"Happy",0.0761636394623641
55,6,"Neutral",0.023265010730156
55,7,"Angry",-0.111024429263016
55,7,"Happy",-0.0816286880046435
55,7,"Neutral",-0.0549307366824613
55,8,"Angry",-0.386592405648924
55,8,"Happy",-0.972479498384407
55,8,"Neutral",0.0782964150534086
55,9,"Angry",-0.134701798945524
55,9,"Happy",-0.197869944717926
55,9,"Neutral",0.230892685829252
55,10,"Angry",0.0232878551044925
55,10,"Happy",-0.249418049343565
55,10,"Neutral",-0.514930746439931
55,11,"Angry",0.00560494623689136
55,11,"Happy",1.00126645816154
55,11,"Neutral",-0.022469105783595
55,12,"Angry",-1.04751663862824
55,12,"Happy",0.041802924057025
55,12,"Neutral",-0.380762326935814
56,1,"Angry",0.0214061263915706
56,1,"Happy",-0.278766702252653
56,1,"Neutral",-0.0084987430444629
56,2,"Angry",0.0100063882566615
56,2,"Happy",-0.0776018730166864
56,2,"Neutral",-0.00286281585470101
56,3,"Angry",-0.0405680567427066
56,3,"Happy",0.0146480497499348
56,3,"Neutral",-0.0708543280720213
56,4,"Angry",-0.0433776891221341
56,4,"Happy",-0.0557657597445341
56,4,"Neutral",0.00532504848461018
56,5,"Angry",-0.0299987282546711
56,5,"Happy",0.0105943722634224
56,5,"Neutral",-0.0282860136932683
56,6,"Angry",-0.0139918310581807
56,6,"Happy",-0.0542102427669441
56,6,"Neutral",-0.0393212725254724
56,7,"Angry",0.0266751862342364
56,7,"Happy",-0.0681465154086971
56,7,"Neutral",-0.0230456960336168
56,8,"Angry",-0.0481168916446105
56,8,"Happy",-0.0390943755441618
56,8,"Neutral",-0.0532650604275206
56,9,"Angry",-0.127187897118535
56,9,"Happy",-0.0171855770271575
56,9,"Neutral",0.0519082092856746
56,10,"Angry",-0.243012061994899
56,10,"Happy",-0.948767875923995
56,10,"Neutral",0.00841898654589912
56,11,"Angry",0.0513673130905931
56,11,"Happy",-0.0507952700454657
56,11,"Neutral",0.230220139527783
56,12,"Angry",-0.0384601195605344
56,12,"Happy",-0.0404677652086251
56,12,"Neutral",0.261518439879812
57,1,"Angry",-0.315459972329064
57,1,"Happy",0.791569663229611
57,1,"Neutral",-0.232042533729142
57,2,"Angry",-0.321710458274346
57,2,"Happy",1.02386811911279
57,2,"Neutral",0.0157960793164169
57,3,"Angry",-0.19067459294407
57,3,"Happy",0.0311492368183396
57,3,"Neutral",-0.127172486464216
57,4,"Angry",-0.239085650052931
57,4,"Happy",0.246064943681012
57,4,"Neutral",0.575328005023721
57,5,"Angry",-0.202417197623029
57,5,"Happy",-0.0284999045664178
57,5,"Neutral",-0.121806670418847
57,6,"Angry",0.173853039123753
57,6,"Happy",0.139849635698483
57,6,"Neutral",-0.0525272076635335
57,7,"Angry",0.312370876792212
57,7,"Happy",0.222052393451975
57,7,"Neutral",-0.11228848300647
57,8,"Angry",0.201516018910792
57,8,"Happy",-0.0860732704553651
57,8,"Neutral",0.258564660788977
57,9,"Angry",-0.068637080284619
57,9,"Happy",-0.0978163909547654
57,9,"Neutral",-0.006387631094229
57,10,"Angry",-0.0325686647554451
57,10,"Happy",-0.085583885059199
57,10,"Neutral",-0.0692286178137808
57,11,"Angry",-0.193679144146886
57,11,"Happy",0.0812158435300387
57,11,"Neutral",-0.32011128737126
57,12,"Angry",-0.146167422570746
57,12,"Happy",-0.0633561261074766
57,12,"Neutral",0.111950971465467
58,1,"Angry",0.205881043526318
58,1,"Happy",0.0733691846430156
58,1,"Neutral",0.206877374503662
58,2,"Angry",0.0090668147330706
58,2,"Happy",-0.112122131018687
58,2,"Neutral",0.115347259028421
58,3,"Angry",0.057248929891639
58,3,"Happy",-0.0215747945192063
58,3,"Neutral",-0.123445887562265
58,4,"Angry",-0.134795378730793
58,4,"Happy",0.0772270396700436
58,4,"Neutral",0.313835881529648
58,5,"Angry",-0.55239038911705
58,5,"Happy",0.0609871250878947
58,5,"Neutral",-0.254480812892268
58,6,"Angry",0.126254651825415
58,6,"Happy",0.340365997505346
58,6,"Neutral",0.00331050779542507
58,7,"Angry",0.0208632705190711
58,7,"Happy",0.101657713696971
58,7,"Neutral",0.525526416847894
58,8,"Angry",0.146559084182147
58,8,"Happy",1.05446933997478
58,8,"Neutral",-0.875044942481829
58,9,"Angry",-0.1985226243796
58,9,"Happy",0.0218996664382807
58,9,"Neutral",0.210858017344699
58,10,"Angry",0.084082550752796
58,10,"Happy",1.11714619765493
58,10,"Neutral",0.307892744215435
58,11,"Angry",0.0708192475041622
58,11,"Happy",0.00372401076723342
58,11,"Neutral",-0.0880367184226968
58,12,"Angry",0.0624924569147844
58,12,"Happy",-0.379582785789178
58,12,"Neutral",0.189586181474419
59,1,"Angry",-0.0193697097637283
59,1,"Happy",-0.0354036961424992
59,1,"Neutral",0.0302204980052503
59,2,"Angry",-0.0128133161877119
59,2,"Happy",0.0449296677923279
59,2,"Neutral",-0.0196455066662381
59,3,"Angry",0.0233261040735527
59,3,"Happy",-0.0112010679737236
59,3,"Neutral",0.0193560519606272
59,4,"Angry",-0.00623753189926346
59,4,"Happy",0.0753899531859338
59,4,"Neutral",-0.0322346631448373
59,5,"Angry",-0.191358890193995
59,5,"Happy",-0.0452993307754093
59,5,"Neutral",-0.0208190987381562
59,6,"Angry",0.0153359960592428
59,6,"Happy",0.00544166155057832
59,6,"Neutral",-0.0519682908216406
59,7,"Angry",-0.707504511179726
59,7,"Happy",0.00333769796192969
59,7,"Neutral",-0.230994034592001
59,8,"Angry",-0.00289426115964544
59,8,"Happy",0.116037808392781
59,8,"Neutral",-0.0251327962062523
59,9,"Angry",-0.102765614056419
59,9,"Happy",-0.00649154361161868
59,9,"Neutral",-0.0345472906047195
59,10,"Angry",-0.0274835408237348
59,10,"Happy",0.00611875100713923
59,10,"Neutral",-0.031622699733806
59,11,"Angry",-0.127964662739013
59,11,"Happy",-0.0055707127776842
59,11,"Neutral",-0.983324108112949
59,12,"Angry",-0.0258361189069089
59,12,"Happy",-0.010873873777789
59,12,"Neutral",-0.118133549936291
60,1,"Angry",-0.521202391861717
60,1,"Happy",0.0626456368701982
60,1,"Neutral",-0.0131205959966094
60,2,"Angry",0.0104384101628195
60,2,"Happy",-0.0567698474879544
60,2,"Neutral",0.0127099518918313
60,3,"Angry",0.0169155659447857
60,3,"Happy",-0.102371872242452
60,3,"Neutral",0.0101692654229941
60,4,"Angry",-0.139843805425636
60,4,"Happy",-0.0425614795473606
60,4,"Neutral",-0.0187813260085212
60,5,"Angry",-0.0950158752964113
60,5,"Happy",0.0572929946813663
60,5,"Neutral",0.0907543867438561
60,6,"Angry",0.00354115285904649
60,6,"Happy",0.0447657028598586
60,6,"Neutral",0.0580711404813593
60,7,"Angry",-0.103693154109038
60,7,"Happy",0.150559263940684
60,7,"Neutral",-0.00865535463672948
60,8,"Angry",0.0116616609256643
60,8,"Happy",-0.05240685325766
60,8,"Neutral",0.0044126723691608
60,9,"Angry",-0.0880130432575804
60,9,"Happy",0.0113932491789725
60,9,"Neutral",0.0391594969073556
60,10,"Angry",-0.0762838691400092
60,10,"Happy",-0.00768686293189316
60,10,"Neutral",-0.0800509666985561
60,11,"Angry",0.0521385274967639
60,11,"Happy",-0.621021139657562
60,11,"Neutral",0.0398283094746076
60,12,"Angry",0.0560564142884869
60,12,"Happy",-0.376447823654954
60,12,"Neutral",0.0989642781857072
61,1,"Angry",0.589353567588204
61,1,"Happy",-0.454005661163967
61,1,"Neutral",-0.181297578455793
61,2,"Angry",-0.534448689838998
61,2,"Happy",-0.0801705853122703
61,2,"Neutral",-0.110920194230689
61,3,"Angry",-0.253908824719792
61,3,"Happy",0.0796663395887219
61,3,"Neutral",-0.0756915636325688
61,4,"Angry",-0.00179519258232067
61,4,"Happy",0.0517926502213115
61,4,"Neutral",-0.011195884793896
61,5,"Angry",-0.136856225935409
61,5,"Happy",0.1901737891807
61,5,"Neutral",-0.0797433049599484
61,6,"Angry",-0.124831136349346
61,6,"Happy",0.0149497661370244
61,6,"Neutral",-0.130628599226021
61,7,"Angry",0.179963392520252
61,7,"Happy",-0.331446704142363
61,7,"Neutral",-0.035436559105011
61,8,"Angry",-0.680755703587024
61,8,"Happy",-0.143183393238744
61,8,"Neutral",-0.709931712752791
61,9,"Angry",-0.154819412830002
61,9,"Happy",-0.703167343419971
61,9,"Neutral",-0.613999820001082
61,10,"Angry",-0.220392701472865
61,10,"Happy",0.966814695645164
61,10,"Neutral",-0.589230832644071
61,11,"Angry",-0.0109880479824463
61,11,"Happy",0.191366703016089
61,11,"Neutral",-0.389580948487505
61,12,"Angry",0.34003925493812
61,12,"Happy",0.0616068226197164
61,12,"Neutral",-0.21923998554774
62,1,"Angry",-0.00787934972387116
62,1,"Happy",-0.0161188590337134
62,1,"Neutral",-0.00409602710878727
62,2,"Angry",0.00304389963767591
62,2,"Happy",-0.000444265953565837
62,2,"Neutral",0.00253184916489523
62,3,"Angry",0.000335247033604327
62,3,"Happy",-0.00818543164107932
62,3,"Neutral",-0.0119407179108852
62,4,"Angry",0.00200457247165695
62,4,"Happy",0.00301820372355987
62,4,"Neutral",0.00487192833404644
62,5,"Angry",-0.00180572917855615
62,5,"Happy",-0.00198409631317612
62,5,"Neutral",0.016776352431483
62,6,"Angry",-0.000727193769589719
62,6,"Happy",-0.00497107834268701
62,6,"Neutral",-0.00508535933914173
62,7,"Angry",-0.0435234609805857
62,7,"Happy",-0.0151868190376374
62,7,"Neutral",-0.0166375432832056
62,8,"Angry",0.0279073651403288
62,8,"Happy",-0.00811921360839678
62,8,"Neutral",0.00334751070095706
62,9,"Angry",-0.00401855584434468
62,9,"Happy",0.0101844883651518
62,9,"Neutral",-0.0295384917775861
62,10,"Angry",0.00890735796856478
62,10,"Happy",-0.0135639963456351
62,10,"Neutral",-0.0170967497607188
62,11,"Angry",-0.00187533458832652
62,11,"Happy",-0.00989272369731075
62,11,"Neutral",-0.0049945344040656
62,12,"Angry",0.0205729986528888
62,12,"Happy",0.00170904893013769
62,12,"Neutral",-0.00109586125574006
63,1,"Angry",-0.544588973773232
63,1,"Happy",0.135863085786203
63,1,"Neutral",0.0640589636475206
63,2,"Angry",0.179093316152841
63,2,"Happy",-0.0953399110262811
63,2,"Neutral",-0.00218704697450163
63,3,"Angry",-0.0221829581204307
63,3,"Happy",0.0530085286941407
63,3,"Neutral",0.201667954467872
63,4,"Angry",0.359909050546645
63,4,"Happy",0.11121368650424
63,4,"Neutral",0.0294457029906417
63,5,"Angry",0.0665050203573543
63,5,"Happy",0.0145900810936472
63,5,"Neutral",0.0525851437990023
63,6,"Angry",-0.443881092583849
63,6,"Happy",0.0763525348921359
63,6,"Neutral",-0.0431275943829619
63,7,"Angry",0.123307830844351
63,7,"Happy",-0.499982667410192
63,7,"Neutral",0.100693970904104
63,8,"Angry",0.0904581831068896
63,8,"Happy",0.0257871264163113
63,8,"Neutral",0.0278094478240198
63,9,"Angry",0.109476727303758
63,9,"Happy",0.0357394250427132
63,9,"Neutral",-0.0859614749461667
63,10,"Angry",0.0381771413432675
63,10,"Happy",-0.0441686407711878
63,10,"Neutral",-0.0154775009147845
63,11,"Angry",-0.246040724934848
63,11,"Happy",-0.0508667319329421
63,11,"Neutral",-0.0261194736847305
63,12,"Angry",-0.0275308791357166
63,12,"Happy",0.0224855958516024
63,12,"Neutral",0.0178882286386872
64,1,"Angry",-0.0682078325826325
64,1,"Happy",-1.1271815206259
64,1,"Neutral",-0.0460184229319381
64,2,"Angry",-0.0734138164772957
64,2,"Happy",2.89155586177799
64,2,"Neutral",-0.484267518673937
64,3,"Angry",-0.49182225542289
64,3,"Happy",0.390610078560342
64,3,"Neutral",-0.358807107233072
64,4,"Angry",0.905182057263563
64,4,"Happy",1.81706116520797
64,4,"Neutral",-0.0167842834973945
64,5,"Angry",-0.469142527151935
64,5,"Happy",1.4745202430749
64,5,"Neutral",-0.0630063401435688
64,6,"Angry",0.273509257698507
64,6,"Happy",-0.350220874783414
64,6,"Neutral",0.0180808218520163
64,7,"Angry",-0.227316411191299
64,7,"Happy",3.4947292405317
64,7,"Neutral",0.798529538210794
64,8,"Angry",-1.11166332917476
64,8,"Happy",2.43536438358088
64,8,"Neutral",-0.0752329434169278
64,9,"Angry",0.321388237400907
64,9,"Happy",0.274320223794001
64,9,"Neutral",-0.241283931920314
64,10,"Angry",-0.0309972677726112
64,10,"Happy",2.36020681584512
64,10,"Neutral",0.0555308911481051
64,11,"Angry",-0.638719497989226
64,11,"Happy",2.68380061814255
64,11,"Neutral",0.298911598747996
64,12,"Angry",-0.0958863564095203
64,12,"Happy",0.275664844504901
64,12,"Neutral",-0.274201005552186
65,1,"Angry",-0.760208715165701
65,1,"Happy",0.00948347901161939
65,1,"Neutral",0.124879987644452
65,2,"Angry",-0.00722878844386151
65,2,"Happy",1.2989997786039
65,2,"Neutral",-0.29591780656273
65,3,"Angry",-0.085016813196242
65,3,"Happy",0.290634440640682
65,3,"Neutral",0.0352292721638928
65,4,"Angry",-0.00856665392010323
65,4,"Happy",0.450794721543964
65,4,"Neutral",-0.14794021287097
65,5,"Angry",0.0171270530749231
65,5,"Happy",0.255779894190981
65,5,"Neutral",-0.104296137321678
65,6,"Angry",-0.00673574341732942
65,6,"Happy",0.294386064572037
65,6,"Neutral",0.0213972178631315
65,7,"Angry",0.0573209924508556
65,7,"Happy",0.263826104806884
65,7,"Neutral",0.0239548692298704
65,8,"Angry",-0.086073548495803
65,8,"Happy",-0.106462595662494
65,8,"Neutral",0.0134000873812224
65,9,"Angry",-0.00670303142901404
65,9,"Happy",0.560133508754444
65,9,"Neutral",-0.0473305051619513
65,10,"Angry",0.0292130623691769
65,10,"Happy",0.120899321141328
65,10,"Neutral",-0.0643468379423191
65,11,"Angry",0.050099460705973
65,11,"Happy",0.139678973609169
65,11,"Neutral",-0.082465618913142
65,12,"Angry",0.0443246094410404
65,12,"Happy",0.0617159813346652
65,12,"Neutral",0.11596348126394
66,1,"Angry",0.0210142990501035
66,1,"Happy",-0.0598505656123719
66,1,"Neutral",-0.0439169761383569
66,2,"Angry",0.0341864763318912
66,2,"Happy",-0.209958055206186
66,2,"Neutral",0.00611716413131576
66,3,"Angry",-0.0310754942207987
66,3,"Happy",-0.46926317277388
66,3,"Neutral",0.105268635131589
66,4,"Angry",-0.0834134462330222
66,4,"Happy",-0.117834118838299
66,4,"Neutral",0.277670048436237
66,5,"Angry",0.0945936427091391
66,5,"Happy",0.125854159279127
66,5,"Neutral",0.0197925539660505
66,6,"Angry",-0.317238951591189
66,6,"Happy",-0.419414967287639
66,6,"Neutral",-0.119813572013858
66,7,"Angry",-0.770930274768441
66,7,"Happy",-0.593853727858257
66,7,"Neutral",0.463941073708175
66,8,"Angry",-0.0231466145519223
66,8,"Happy",-0.0694773592802562
66,8,"Neutral",0.506674798211392
66,9,"Angry",0.0580048333152697
66,9,"Happy",0.11901944764981
66,9,"Neutral",0.00554705689330708
66,10,"Angry",-1.17872634735952
66,10,"Happy",0.0359264674731394
66,10,"Neutral",0.0908161407725397
66,11,"Angry",0.0659792038735705
66,11,"Happy",-0.0683278613949686
66,11,"Neutral",-0.539242973832854
66,12,"Angry",1.73050123785732
66,12,"Happy",-0.409528478052689
66,12,"Neutral",-0.225371893580073
67,1,"Angry",-0.085576095540436
67,1,"Happy",0.037323715321248
67,1,"Neutral",-0.00209773053629544
67,2,"Angry",-0.310849383028486
67,2,"Happy",-0.00500325108547154
67,2,"Neutral",0.0793292740649256
67,3,"Angry",-0.0611323723574791
67,3,"Happy",0.238908988640769
67,3,"Neutral",0.0467586341470932
67,4,"Angry",0.0597346102509588
67,4,"Happy",0.0949461815098883
67,4,"Neutral",-0.0271022708807841
67,5,"Angry",0.0103182515393273
67,5,"Happy",0.0293383613915463
67,5,"Neutral",0.0165445827184301
67,6,"Angry",0.0594657943690343
67,6,"Happy",0.0960731400374632
67,6,"Neutral",-0.0129002522423408
67,7,"Angry",-0.0404990978250725
67,7,"Happy",-0.0307270891107057
67,7,"Neutral",0.00947122201548418
67,8,"Angry",0.0625016091304287
67,8,"Happy",-0.0544494660765281
67,8,"Neutral",0.0637421486218602
67,9,"Angry",-0.0406329447592511
67,9,"Happy",-0.100540335791433
67,9,"Neutral",-0.449123255845336
67,10,"Angry",-0.00278900523037871
67,10,"Happy",-0.0152143339859002
67,10,"Neutral",-0.0385067373735803
67,11,"Angry",0.0292735822309428
67,11,"Happy",-0.0764462310909989
67,11,"Neutral",-0.0475390087293876
67,12,"Angry",0.0380625510953916
67,12,"Happy",-0.000831296735174415
67,12,"Neutral",-0.0367928795473882
68,1,"Angry",-0.255148362992275
68,1,"Happy",-1.17258209347004
68,1,"Neutral",-0.427551819049696
68,2,"Angry",-0.725448168689961
68,2,"Happy",-0.789980780702654
68,2,"Neutral",-1.41058639598057
68,3,"Angry",-0.163666970829235
68,3,"Happy",0.148507300889506
68,3,"Neutral",-0.526633834734095
68,4,"Angry",-1.13049623988349
68,4,"Happy",0.00748794813343523
68,4,"Neutral",-0.384949545727312
68,5,"Angry",-0.460019290039338
68,5,"Happy",1.46164630373641
68,5,"Neutral",-0.982367170766998
68,6,"Angry",-0.89778237126759
68,6,"Happy",-0.0831450294325853
68,6,"Neutral",-0.489522411604391
68,7,"Angry",-0.728201755633602
68,7,"Happy",0.634893528414475
68,7,"Neutral",1.14932438843319
68,8,"Angry",-0.38708650713387
68,8,"Happy",0.0702236307913466
68,8,"Neutral",0.264319324033284
68,9,"Angry",-0.902587019916791
68,9,"Happy",-0.0580165692364074
68,9,"Neutral",-1.30321443899254
68,10,"Angry",-0.340087978307204
68,10,"Happy",-1.69850766625291
68,10,"Neutral",0.0835480443128312
68,11,"Angry",-0.172613417483653
68,11,"Happy",0.0152773235750465
68,11,"Neutral",-0.0188123378726095
68,12,"Angry",0.599469398024978
68,12,"Happy",1.16439363000353
68,12,"Neutral",0.0546817606319553
69,1,"Angry",-0.0531025771500575
69,1,"Happy",0.0288720686962926
69,1,"Neutral",-0.0109838408871695
69,2,"Angry",0.0378731286327227
69,2,"Happy",-0.0525138245436403
69,2,"Neutral",-0.0589031588828974
69,3,"Angry",0.403884802040596
69,3,"Happy",0.563684610288284
69,3,"Neutral",0.0496209609507839
69,4,"Angry",0.0549015901045673
69,4,"Happy",-0.263110459835967
69,4,"Neutral",0.0203714929854274
69,5,"Angry",0.495764029376862
69,5,"Happy",0.0186434313238567
69,5,"Neutral",0.0506446756015836
69,6,"Angry",0.0391567123904063
69,6,"Happy",-0.00792013724531055
69,6,"Neutral",-0.0337843025615964
69,7,"Angry",-0.047091910271771
69,7,"Happy",0.0418879084315757
69,7,"Neutral",-0.00405109555241854
69,8,"Angry",0.0469519742798701
69,8,"Happy",-0.672384895954429
69,8,"Neutral",0.0302243907503439
69,9,"Angry",-0.022248723633046
69,9,"Happy",0.0731405293039695
69,9,"Neutral",-0.282764151279223
69,10,"Angry",-0.0368998960979232
69,10,"Happy",0.03938477469749
69,10,"Neutral",-0.0202723339959784
69,11,"Angry",-0.0111543414722728
69,11,"Happy",-0.0459571860169309
69,11,"Neutral",0.0376791201629774
69,12,"Angry",0.0170731740932615
69,12,"Happy",0.00610037796828337
69,12,"Neutral",0.0388880852391131
71,1,"Angry",0.0263266445633276
71,1,"Happy",-0.0042889757793454
71,1,"Neutral",0.0081378760550972
71,2,"Angry",-0.00439998148087572
71,2,"Happy",0.00878165303377869
71,2,"Neutral",-0.0187783277867265
71,3,"Angry",0.015645686706718
71,3,"Happy",-0.274078806781056
71,3,"Neutral",-0.0034202024710191
71,4,"Angry",0.0236890653306485
71,4,"Happy",-0.0180078537188695
71,4,"Neutral",2.35994182440007e-06
71,5,"Angry",-0.0258255739633733
71,5,"Happy",-0.0358418233391795
71,5,"Neutral",0.0194285876850592
71,6,"Angry",-0.112112175576065
71,6,"Happy",0.0100825392996847
71,6,"Neutral",-0.0203345356713902
71,7,"Angry",-0.0376178427912509
71,7,"Happy",-0.00902749936334315
71,7,"Neutral",-0.0823331668339747
71,8,"Angry",-0.204610927249516
71,8,"Happy",-0.0222238208374427
71,8,"Neutral",-0.0309855623566427
71,9,"Angry",0.00475046202086569
71,9,"Happy",-0.00559502510938826
71,9,"Neutral",-0.0238746224930686
71,10,"Angry",-0.0935440093905864
71,10,"Happy",-0.000551973826499964
71,10,"Neutral",-0.0488328024216601
71,11,"Angry",-0.0178415485508205
71,11,"Happy",-0.0366687351150456
71,11,"Neutral",-0.0467181996581724
71,12,"Angry",-0.00590873946368611
71,12,"Happy",-0.0526562456375444
71,12,"Neutral",-0.0112040003705821
72,1,"Angry",-0.29747580000479
72,1,"Happy",0.0823414379836823
72,1,"Neutral",-0.0194067100529198
72,2,"Angry",-0.0663860270290697
72,2,"Happy",0.0204261805491719
72,2,"Neutral",-0.0422627859661066
72,3,"Angry",-0.0407163382904373
72,3,"Happy",-0.0855710613351557
72,3,"Neutral",-0.0342487656372866
72,4,"Angry",0.0201570475114166
72,4,"Happy",-0.0329016086497411
72,4,"Neutral",-0.0419146721624499
72,5,"Angry",-0.0807306158271655
72,5,"Happy",0.0214223914163379
72,5,"Neutral",-0.00284985018653936
72,6,"Angry",0.0878965015787651
72,6,"Happy",0.00704321932851621
72,6,"Neutral",-0.00576272556592328
72,7,"Angry",-0.0493818705745729
72,7,"Happy",0.0563983686040507
72,7,"Neutral",0.0477262509061608
72,8,"Angry",-0.15321169826094
72,8,"Happy",-0.047975228234038
72,8,"Neutral",-0.0288199110518402
72,9,"Angry",-0.0375675787265747
72,9,"Happy",0.102973088432681
72,9,"Neutral",0.0667616106058189
72,10,"Angry",0.0916329377074491
72,10,"Happy",-0.0644506419262224
72,10,"Neutral",-0.0731619337258034
72,11,"Angry",-0.0720907433447191
72,11,"Happy",0.0337875670265724
72,11,"Neutral",-0.0115879477224811
72,12,"Angry",-0.0720358351754428
72,12,"Happy",0.0713327825517594
72,12,"Neutral",0.0254850073002055
73,1,"Angry",-0.027130837969431
73,1,"Happy",-0.299212211611105
73,1,"Neutral",-0.017303708403825
73,2,"Angry",0.00606786434845107
73,2,"Happy",-0.0487467013057972
73,2,"Neutral",-0.0106067896010544
73,3,"Angry",0.0417518850891736
73,3,"Happy",-0.00536996485223865
73,3,"Neutral",0.0179058095588404
73,4,"Angry",0.0374384647225084
73,4,"Happy",0.0171318979821106
73,4,"Neutral",0.0690389002580745
73,5,"Angry",0.011587626130424
73,5,"Happy",0.0241733762129109
73,5,"Neutral",0.0449746927116009
73,6,"Angry",0.0213306390062913
73,6,"Happy",-0.0348605566675264
73,6,"Neutral",0.023061715228325
73,7,"Angry",-0.0206254948407507
73,7,"Happy",-0.00864111400061517
73,7,"Neutral",-0.03101976262091
73,8,"Angry",-0.0273438445940494
73,8,"Happy",0.035246949547743
73,8,"Neutral",-0.00763202105914335
73,9,"Angry",-0.0135486289067811
73,9,"Happy",-0.0762493353829038
73,9,"Neutral",-0.0198021498061636
73,10,"Angry",-0.00230913483779924
73,10,"Happy",0.0224422261460821
73,10,"Neutral",0.0234191930960084
73,11,"Angry",0.0286572358621376
73,11,"Happy",0.0283463521842226
73,11,"Neutral",0.016907136594141
73,12,"Angry",0.00580504519629139
73,12,"Happy",0.0833986917410324
73,12,"Neutral",0.02629302272958
74,1,"Angry",0.00948202831770036
74,1,"Happy",0.00682903352849684
74,1,"Neutral",0.0181845551819424
74,2,"Angry",-0.0136517149036493
74,2,"Happy",-0.00511104092938544
74,2,"Neutral",-0.0190705173364836
74,3,"Angry",-0.0326513639625112
74,3,"Happy",0.169952901633629
74,3,"Neutral",0.00963400362108036
74,4,"Angry",0.0140680403972948
74,4,"Happy",0.00885269494173804
74,4,"Neutral",-0.0380996011113043
74,5,"Angry",-0.0215192882219927
74,5,"Happy",-0.0378202721740222
74,5,"Neutral",0.00552890327915411
74,6,"Angry",0.0185350073046306
74,6,"Happy",-0.0332332742046651
74,6,"Neutral",0.000323569658679245
74,7,"Angry",-0.0271706527890652
74,7,"Happy",-0.0146766830398359
74,7,"Neutral",-0.00947186219938061
74,8,"Angry",0.0235738323121529
74,8,"Happy",0.0165162580763522
74,8,"Neutral",0.0130361945988722
74,9,"Angry",-0.0302707566243429
74,9,"Happy",-0.00286662248961454
74,9,"Neutral",0.00113107370457067
74,10,"Angry",-0.0339913422981296
74,10,"Happy",0.012451923825877
74,10,"Neutral",-0.027510123357972
74,11,"Angry",-0.0164065917644838
74,11,"Happy",0.0140106302814861
74,11,"Neutral",0.039325209157832
74,12,"Angry",-0.00832729679625204
74,12,"Happy",-0.0245078565602063
74,12,"Neutral",-0.0114505688747579
75,1,"Angry",0.0196187588242209
75,1,"Happy",-0.00512240794004875
75,1,"Neutral",-0.0127093299154488
75,2,"Angry",0.0171547085116816
75,2,"Happy",0.014791246191648
75,2,"Neutral",0.0212188371548006
75,3,"Angry",0.00684820869553322
75,3,"Happy",-0.00666553766947125
75,3,"Neutral",0.025798830158167
75,4,"Angry",-0.00797645231608302
75,4,"Happy",0.0233309988308204
75,4,"Neutral",0.0302525784707495
75,5,"Angry",-0.0353920090931289
75,5,"Happy",0.0179839613306143
75,5,"Neutral",0.0160646569412498
75,6,"Angry",-0.0179569355197908
75,6,"Happy",0.000558086177883027
75,6,"Neutral",-0.00665857066914094
75,7,"Angry",0.0121709639650995
75,7,"Happy",0.031927606425067
75,7,"Neutral",-0.0166547624209429
75,8,"Angry",-0.0436030367468949
75,8,"Happy",0.0328332391990718
75,8,"Neutral",0.0427605269658991
75,9,"Angry",-0.00633667534004899
75,9,"Happy",-0.00872199941219801
75,9,"Neutral",0.0103936896890567
75,10,"Angry",-0.0550859278353012
75,10,"Happy",-0.0111970017780271
75,10,"Neutral",-0.0208651037772015
75,11,"Angry",0.00804221276695597
75,11,"Happy",0.00889131234514359
75,11,"Neutral",-0.00942951341753593
75,12,"Angry",0.0665640890094636
75,12,"Happy",0.0210218059158556
75,12,"Neutral",-0.0083816466765189
76,1,"Angry",0.0894704097772924
76,1,"Happy",-0.027028072611191
76,1,"Neutral",0.00453785553547409
76,2,"Angry",0.00463256988465688
76,2,"Happy",-0.183270496352854
76,2,"Neutral",0.0702898816184739
76,3,"Angry",0.16018834290155
76,3,"Happy",0.0160065648838973
76,3,"Neutral",-0.00378570010921808
76,4,"Angry",-0.0612931347770005
76,4,"Happy",-0.0581111561450097
76,4,"Neutral",0.0885641318727104
76,5,"Angry",0.127530157530101
76,5,"Happy",-0.14007977994114
76,5,"Neutral",-0.0294064775459634
76,6,"Angry",-0.00989379294437807
76,6,"Happy",-0.00664316691814947
76,6,"Neutral",-0.0926673236477902
76,7,"Angry",0.0102999426056101
76,7,"Happy",0.00338056569209237
76,7,"Neutral",0.0170922493237009
76,8,"Angry",-0.00873529484154872
76,8,"Happy",-0.0742832252237568
76,8,"Neutral",0.0897825655056238
76,9,"Angry",0.0226581046438003
76,9,"Happy",-0.109032301348381
76,9,"Neutral",-0.140132524907781
76,10,"Angry",0.016287065187396
76,10,"Happy",-0.0553672317462414
76,10,"Neutral",-0.0192607409898654
76,11,"Angry",-0.009412687371947
76,11,"Happy",0.11004340263583
76,11,"Neutral",0.138072124230623
76,12,"Angry",-0.275803757011714
76,12,"Happy",-0.0219898731273062
76,12,"Neutral",-0.0183103434539893
77,1,"Angry",-0.517986925408747
77,1,"Happy",0.00387634010168107
77,1,"Neutral",0.0513958500306652
77,2,"Angry",-0.00653895685604747
77,2,"Happy",-0.0444169793806826
77,2,"Neutral",-0.311586940515254
77,3,"Angry",-0.0154819557793759
77,3,"Happy",0.128311251861205
77,3,"Neutral",-0.118033154130212
77,4,"Angry",-0.0886497866433969
77,4,"Happy",0.0784894543677002
77,4,"Neutral",-0.118996543987847
77,5,"Angry",0.165716422876635
77,5,"Happy",-0.0510722092735271
77,5,"Neutral",-0.515733756481451
77,6,"Angry",-0.622270678368733
77,6,"Happy",-0.786309531381934
77,6,"Neutral",0.0650507872822254
77,7,"Angry",-0.156545683160619
77,7,"Happy",-0.0149846915015667
77,7,"Neutral",-0.0409181184844801
77,8,"Angry",-0.351343196664057
77,8,"Happy",-0.0103969876612297
77,8,"Neutral",-0.159062576813562
77,9,"Angry",-0.14987957085146
77,9,"Happy",-0.156872250896598
77,9,"Neutral",0.0348819254201861
77,10,"Angry",-0.147293118984909
77,10,"Happy",0.0901245730493009
77,10,"Neutral",-0.00884457398756665
77,11,"Angry",-0.122705921761108
77,11,"Happy",-0.0865465602757758
77,11,"Neutral",-0.0528062844008045
77,12,"Angry",-0.674759509777767
77,12,"Happy",-0.00657403184157414
77,12,"Neutral",-0.0397046500149273
78,1,"Angry",-0.352866374350171
78,1,"Happy",0.688448480818221
78,1,"Neutral",0.88507478796177
78,2,"Angry",-0.0232776125362735
78,2,"Happy",0.325445513636713
78,2,"Neutral",0.0158635390764115
78,3,"Angry",0.0738566107165991
78,3,"Happy",0.270666713695805
78,3,"Neutral",0.38238099245522
78,4,"Angry",0.174535640667977
78,4,"Happy",0.214655120179164
78,4,"Neutral",0.0129944726072669
78,5,"Angry",0.325151444844312
78,5,"Happy",0.935472582289754
78,5,"Neutral",0.298208992130186
78,6,"Angry",0.137770707566055
78,6,"Happy",1.07561390836392
78,6,"Neutral",-0.0590771372456667
78,7,"Angry",-0.105799529771278
78,7,"Happy",0.62196911649043
78,7,"Neutral",0.293932952158716
78,8,"Angry",0.0697147167115078
78,8,"Happy",1.34987187405492
78,8,"Neutral",0.111528743605137
78,9,"Angry",0.0482961419776923
78,9,"Happy",0.69036376629137
78,9,"Neutral",-0.085402044599294
78,10,"Angry",0.0996543262424238
78,10,"Happy",0.276862739480728
78,10,"Neutral",0.366302388084607
78,11,"Angry",0.0128336291729658
78,11,"Happy",1.12858797125943
78,11,"Neutral",0.0453139801267619
78,12,"Angry",-0.144538034822773
78,12,"Happy",0.814267705441324
78,12,"Neutral",0.0461716341725162
79,1,"Angry",-0.0486222494872269
79,1,"Happy",0.0061434682899632
79,1,"Neutral",0.00488628858544599
79,2,"Angry",-0.0511115759705936
79,2,"Happy",-0.0317533671534908
79,2,"Neutral",-0.0736693846415247
79,3,"Angry",0.0208532498219483
79,3,"Happy",0.0487960280132375
79,3,"Neutral",0.00791271161780043
79,4,"Angry",0.0263882998178614
79,4,"Happy",-0.0610935828384911
79,4,"Neutral",0.0011383148475539
79,5,"Angry",-0.257625043827326
79,5,"Happy",0.0064855695558544
79,5,"Neutral",-0.049168030037746
79,6,"Angry",0.041191464861025
79,6,"Happy",-0.0198117572938492
79,6,"Neutral",-0.00173548421784853
79,7,"Angry",0.0100423860294566
79,7,"Happy",-0.00843365438536973
79,7,"Neutral",0.0683208176734848
79,8,"Angry",0.0423829602484385
79,8,"Happy",0.061988917460097
79,8,"Neutral",-0.0211547144417398
79,9,"Angry",-0.00274229833394052
79,9,"Happy",0.694810444056694
79,9,"Neutral",-0.0541064494539673
79,10,"Angry",-0.0068757534521068
79,10,"Happy",0.00868157478230229
79,10,"Neutral",0.0614240483882852
79,11,"Angry",0.0379711517452044
79,11,"Happy",-0.00300822448602598
79,11,"Neutral",0.0509488080703155
79,12,"Angry",-0.0138647616576609
79,12,"Happy",-0.0122213439726042
79,12,"Neutral",-0.00663159755894976
80,1,"Angry",-0.00631330879271524
80,1,"Happy",0.0793132527382879
80,1,"Neutral",-0.0274120541830195
80,2,"Angry",-0.00287563549480441
80,2,"Happy",0.00743133937780529
80,2,"Neutral",-0.0931652770338865
80,3,"Angry",0.00327015810017211
80,3,"Happy",-0.00313917572648888
80,3,"Neutral",-0.0120679415616825
80,4,"Angry",-0.00548210733715632
80,4,"Happy",0.029413107354731
80,4,"Neutral",0.0187887383115327
80,5,"Angry",-0.0131086687714515
80,5,"Happy",-0.00765744770246347
80,5,"Neutral",0.0159472952062372
80,6,"Angry",-0.030969905563751
80,6,"Happy",0.00331251271284499
80,6,"Neutral",-0.00528913188928927
80,7,"Angry",0.00112616073919361
80,7,"Happy",-0.0214776941264578
80,7,"Neutral",-0.0112717008253263
80,8,"Angry",0.0903697401544113
80,8,"Happy",0.0847931043253274
80,8,"Neutral",-0.0186789007690712
80,9,"Angry",0.00107153920455318
80,9,"Happy",-0.0108477692259501
80,9,"Neutral",-0.0337160878136459
80,10,"Angry",-0.0333148174327157
80,10,"Happy",-0.228975793755141
80,10,"Neutral",-0.0214879878059343
80,11,"Angry",-0.0141665467295483
80,11,"Happy",0.0360125274463273
80,11,"Neutral",-0.0114532942613419
80,12,"Angry",-0.054720770066086
80,12,"Happy",-0.0479447079275466
80,12,"Neutral",0.104047052139856
81,1,"Angry",-0.549298949570584
81,1,"Happy",-1.35783653232523
81,1,"Neutral",-0.194977761655446
81,2,"Angry",-1.09746350946915
81,2,"Happy",-0.253671119662634
81,2,"Neutral",-0.169695119908104
81,3,"Angry",-0.0619098192178171
81,3,"Happy",-0.0295405613677021
81,3,"Neutral",-0.242782389889417
81,4,"Angry",-0.653234016705616
81,4,"Happy",-0.0633764692074132
81,4,"Neutral",-0.352928479572991
81,5,"Angry",0.101345220843254
81,5,"Happy",0.0149013938666933
81,5,"Neutral",0.169302203923676
81,6,"Angry",-0.0794157356357349
81,6,"Happy",-0.0878273479842355
81,6,"Neutral",-0.125515443377936
81,7,"Angry",0.0136167476532705
81,7,"Happy",0.105530166969311
81,7,"Neutral",-0.20697277913484
81,8,"Angry",-0.208016908278349
81,8,"Happy",0.0969272341515939
81,8,"Neutral",-0.0738719924425106
81,9,"Angry",-0.248631606333884
81,9,"Happy",-0.16738363483865
81,9,"Neutral",-0.016767696903901
81,10,"Angry",-0.0113999294729415
81,10,"Happy",-0.0932604472552545
81,10,"Neutral",-0.098516180039359
81,11,"Angry",-0.140335665583917
81,11,"Happy",0.0629568800889561
81,11,"Neutral",-0.00375724736796803
81,12,"Angry",-0.121434963201468
81,12,"Happy",-0.0668754747191681
81,12,"Neutral",0.135972828828303
82,1,"Angry",-1.18763358983435
82,1,"Happy",0.86403770917552
82,1,"Neutral",-0.209146290988469
82,2,"Angry",-0.68772859904253
82,2,"Happy",0.120647967563005
82,2,"Neutral",-0.379694767575283
82,3,"Angry",-0.270984060491622
82,3,"Happy",0.0601896354647983
82,3,"Neutral",-0.021944847793934
82,4,"Angry",-0.200897862256914
82,4,"Happy",0.64902396029161
82,4,"Neutral",0.00152663417510778
82,5,"Angry",-0.501064989380285
82,5,"Happy",0.0836611448937784
82,5,"Neutral",-0.259675078050915
82,6,"Angry",0.127754585932926
82,6,"Happy",0.197245939197931
82,6,"Neutral",-0.228212706285437
82,7,"Angry",-0.0193173880357136
82,7,"Happy",-0.113613254292656
82,7,"Neutral",0.083034338633569
82,8,"Angry",-0.167246575736044
82,8,"Happy",1.47677301804893
82,8,"Neutral",-0.0751839340999829
82,9,"Angry",-0.0945202631293002
82,9,"Happy",0.110509557629099
82,9,"Neutral",-0.109595247879408
82,10,"Angry",-0.0635517756638945
82,10,"Happy",0.130122609222511
82,10,"Neutral",0.123334897999734
82,11,"Angry",0.145460862850776
82,11,"Happy",0.884946400813096
82,11,"Neutral",0.0376128882660425
82,12,"Angry",-0.51278925703681
82,12,"Happy",-0.0180399878225236
82,12,"Neutral",-0.299395596566387
83,1,"Angry",0.0505591719499669
83,1,"Happy",0.00497798113681344
83,1,"Neutral",0.0150115779868205
83,2,"Angry",0.181562647909363
83,2,"Happy",0.0107453552417219
83,2,"Neutral",-0.0189103197010902
83,3,"Angry",0.00258270659799246
83,3,"Happy",0.087633932283468
83,3,"Neutral",-0.291492625446555
83,4,"Angry",-0.0510891450764149
83,4,"Happy",0.0102613669817258
83,4,"Neutral",-0.00987308725075069
83,5,"Angry",-0.018136118826979
83,5,"Happy",0.220207334586895
83,5,"Neutral",-0.0202996200364342
83,6,"Angry",-0.0494644023505323
83,6,"Happy",-1.0422706906446
83,6,"Neutral",-0.00384245408800704
83,7,"Angry",0.0162677355887848
83,7,"Happy",0.0183095103830676
83,7,"Neutral",0.00391669553465908
83,8,"Angry",0.0089748617606985
83,8,"Happy",-0.0762502413582139
83,8,"Neutral",-0.0115555285823165
83,9,"Angry",0.00980361859960758
83,9,"Happy",-0.0203894578986217
83,9,"Neutral",-0.0126770727864443
83,10,"Angry",-0.0158949804564188
83,10,"Happy",-0.245413169133696
83,10,"Neutral",0.136396815592661
83,11,"Angry",-0.0370497022992688
83,11,"Happy",0.0752637878048793
83,11,"Neutral",-0.0315075333672038
83,12,"Angry",-0.0242543426411187
83,12,"Happy",-0.000882355828625212
83,12,"Neutral",-0.0141005826810748
84,1,"Angry",-0.0938449455161515
84,1,"Happy",-0.00510527947141232
84,1,"Neutral",-0.419488122933377
84,2,"Angry",0.0166219200475632
84,2,"Happy",-0.0191357665478085
84,2,"Neutral",0.0135022495517654
84,3,"Angry",-0.0214675278057585
84,3,"Happy",-0.0446306286374647
84,3,"Neutral",-0.177074240774866
84,4,"Angry",-0.0738991620568986
84,4,"Happy",-0.00501630500184914
84,4,"Neutral",-0.0441361782899069
84,5,"Angry",-0.00708516214594952
84,5,"Happy",-0.0134384640371218
84,5,"Neutral",0.00305556068479969
84,6,"Angry",0.0341092189707704
84,6,"Happy",-0.0106816532645428
84,6,"Neutral",-0.0756681801458108
84,7,"Angry",-0.0385900341928722
84,7,"Happy",0.00465337166913498
84,7,"Neutral",-0.0198785049220664
84,8,"Angry",-0.052533243804434
84,8,"Happy",0.0300557528802819
84,8,"Neutral",-0.00521512975239837
84,9,"Angry",0.0389334999045596
84,9,"Happy",0.0787694216506436
84,9,"Neutral",-0.0532390780733084
84,10,"Angry",-0.0444795646312861
84,10,"Happy",-0.0375989404777777
84,10,"Neutral",-0.128660594751491
84,11,"Angry",0.0257173273671379
84,11,"Happy",-0.0609601747150597
84,11,"Neutral",0.122526243925645
84,12,"Angry",0.0703041367457875
84,12,"Happy",-0.377304011384617
84,12,"Neutral",0.0191768585655736
85,1,"Angry",-0.10547870058506
85,1,"Happy",-0.280811543522599
85,1,"Neutral",-0.129797907969239
85,2,"Angry",-0.6825891250326
85,2,"Happy",-0.100077168289089
85,2,"Neutral",-0.245124108018975
85,3,"Angry",-0.353443467238188
85,3,"Happy",-0.167205980867056
85,3,"Neutral",-0.538098727041304
85,4,"Angry",-0.178814218528111
85,4,"Happy",0.129140965872807
85,4,"Neutral",-0.220963935172977
85,5,"Angry",-0.0619559397657524
85,5,"Happy",-0.0912791140470255
85,5,"Neutral",0.0110188688498085
85,6,"Angry",1.99020762022668
85,6,"Happy",0.0591323720438223
85,6,"Neutral",-0.122435170069801
85,7,"Angry",-0.0468159519214585
85,7,"Happy",0.412963448092939
85,7,"Neutral",-0.203351789118212
85,8,"Angry",0.866311936916774
85,8,"Happy",-0.241670274130437
85,8,"Neutral",-0.241940344217127
85,9,"Angry",-0.0839256434930982
85,9,"Happy",0.162416219980567
85,9,"Neutral",-0.157440064555254
85,10,"Angry",0.0509559909510293
85,10,"Happy",-0.0927261131324705
85,10,"Neutral",-0.502405083445511
85,11,"Angry",-0.0456705371391544
85,11,"Happy",-1.44584358861041
85,11,"Neutral",-0.921235905803255
85,12,"Angry",-0.0253124373023682
85,12,"Happy",0.0710418583549895
85,12,"Neutral",-0.0241183275198208
86,1,"Angry",-0.613321127491217
86,1,"Happy",1.21870999707433
86,1,"Neutral",-0.262842143340498
86,2,"Angry",-0.0839443737983981
86,2,"Happy",0.149891560636984
86,2,"Neutral",0.0580142491548265
86,3,"Angry",0.157253192800016
86,3,"Happy",-0.334487728203787
86,3,"Neutral",-0.0350417871928182
86,4,"Angry",-1.36795992005525
86,4,"Happy",0.0179597210907596
86,4,"Neutral",-0.185549250715803
86,5,"Angry",0.0490724861376487
86,5,"Happy",-0.0354987397982499
86,5,"Neutral",-0.140080349560097
86,6,"Angry",-0.145539464146369
86,6,"Happy",0.00966795652032165
86,6,"Neutral",-0.006409047265499
86,7,"Angry",-0.0664742745640678
86,7,"Happy",0.0634167686698937
86,7,"Neutral",0.0423912081697029
86,8,"Angry",0.0497945996749471
86,8,"Happy",0.130787474294669
86,8,"Neutral",0.00850022479355348
86,9,"Angry",0.0153285444724839
86,9,"Happy",0.969492571084451
86,9,"Neutral",-0.0827556088687294
86,10,"Angry",-0.247016835936834
86,10,"Happy",-0.00675950675438692
86,10,"Neutral",-0.109854693279921
86,11,"Angry",-0.207970715737517
86,11,"Happy",-0.00576922065615934
86,11,"Neutral",-0.127738704489815
86,12,"Angry",-0.153647223572372
86,12,"Happy",0.0705105809397188
86,12,"Neutral",-0.265819694993677
